{"cameraMode":{"drawMode":0,"name":"Shaded","section":"Shading Mode"},"sceneLighting":true,"audioPlay":false,"sceneViewState":{"showFog":true,"showMaterialUpdate":false,"showSkybox":true,"showFlares":true,"showImageEffects":true,"showParticleSystems":true},"in2DMode":false,"pivot":{"x":7.071148872375488,"y":2.4514379501342775,"z":-4.992578029632568},"rotation":{"x":0.017688322812318803,"y":-0.006586416158825159,"z":-0.00011654480476863682,"w":-0.9998219013214111},"size":12.148895263671875,"orthographic":false}