{"cameraMode":{"drawMode":0,"name":"Shaded","section":"Shading Mode"},"sceneLighting":true,"audioPlay":false,"sceneViewState":{"showFog":true,"showMaterialUpdate":false,"showSkybox":true,"showFlares":true,"showImageEffects":true,"showParticleSystems":true},"in2DMode":false,"pivot":{"x":0.6743985414505005,"y":-0.9370030760765076,"z":-2.273568630218506},"rotation":{"x":0.1466977298259735,"y":0.4713892638683319,"z":-0.07985494285821915,"w":0.8659648895263672},"size":8.701727867126465,"orthographic":false}