{"cameraMode":{"drawMode":0,"name":"Shaded","section":"Shading Mode"},"sceneLighting":true,"audioPlay":false,"sceneViewState":{"showFog":true,"showMaterialUpdate":false,"showSkybox":true,"showFlares":true,"showImageEffects":true,"showParticleSystems":true},"in2DMode":false,"pivot":{"x":37.10918426513672,"y":-25.455236434936525,"z":-37.24627685546875},"rotation":{"x":0.07412968575954437,"y":0.9199888110160828,"z":-0.21268318593502046,"w":0.320766806602478},"size":63.858299255371097,"orthographic":false}